CA,V40,AL,MG,ANONYMOUS_1,BA,MO,S,P,CU,B,PQINDEX,FE,ZN,NA,K,SI,MN,ANONYMOUS_2,PB,Y_LABEL
2971,71.6,12,8,1539,0,4,4697,1065,367,196,8,24,1186,35,9.0,4,0,200,3,0
1113,73.9,0,15,1718,0,4,5495,1141,197,35,12,13,1262,12,3.0,3,0,200,0,0
2977,70.4,2,193,2056,0,29,3624,1026,0,56,10,14,1074,7,2.0,5,0,544,0,0
2727,81.5,9,353,3851,0,136,4000,897,108,8,24,15,1007,3,6.0,5,0,200,0,0
13,66.4,0,6,2432,0,2,7057,1000,254,0,10,19,1020,14,3.0,1,3,200,1,0
3155,77.4,6,275,1368,1,14,7977,1342,0,147,14,23,1506,2,4.0,4,0,200,0,0
2601,81.9,0,215,9097,0,2,7825,1115,1,212,21,19,1071,2,2.0,4,1,200,0,0
29,81.4,0,9,2405,0,38,4700,981,61,146,8,14,1142,7,4.0,8,0,200,0,1
3566,57.4,3,7,1647,0,0,4141,941,6,7,18,27,1066,23,5.0,4,4,200,0,0
2925,37.6,2,0,1899,0,0,1556,326,6,3,18,46,21,0,0.0,3,0,200,0,0
2723,78.3,3,260,1000,0,99,3903,950,67,440,18,13,1077,14,2.0,7,0,200,0,0
2690,64.7,2,12,63454,1,7,7425,1360,10,2,10,24,1628,38,8.0,7,8,900,0,0
2302,69.7,2,146,5960,0,2,5382,1135,5,4,13,22,1200,13,3.0,4,2,200,1,0
2182,82.3,2,71,5612,0,164,4997,1324,2,3,13,18,1433,6,1.0,3,0,200,0,0
476,70.0,3,216,4490,0,134,4388,892,472,51,14,28,1033,6,3.0,6,0,200,0,0
180,82.2,8,10,2088,0,168,5287,1191,298,6,7,22,1388,12,3.0,4,2,200,0,0
2795,72.6,4,8,1156,6,48,7238,1019,402,4,9,18,1104,16,4.0,4,0,356,0,0
2356,74.6,1,341,2012,0,130,4249,794,426,9,12,32,884,0,3.0,5,0,200,0,0
3058,78.7,13,178,1401,0,77,7144,1134,526,142,13,24,953,11,2.0,4,0,456,1,0
129,72.9,1,278,1316,0,100,4462,1057,478,19,13,22,1077,14,3.0,4,2,516,0,0
100,55.4,0,36,4610,0,6,3102,715,85,150,37,19,816,24,3.0,4,8,1710,62,0
2600,81.0,6,246,1177,3,121,4382,1004,576,3,5,14,1064,10,2.0,5,0,377,0,0
2835,44.3,0,15,2758,0,16,5579,892,7,394,18,25,1032,25,2.0,7,1,200,2,0
3271,83.4,5,14,6780,0,296,5251,1325,0,2,20,25,1505,5,2.0,5,0,5800,0,0
3117,67.9,1,193,2088,0,10,4259,1041,1,4,8,10,1077,7,1.0,3,0,492,0,0
74,70.0,0,8,4476,0,3,4271,940,9,2,8,12,966,6,0.0,3,0,994,0,0
381,81.7,1,9,1702,1,133,5030,1164,167,12,11,14,1197,12,4.0,4,0,200,0,0
113,62.5,0,351,2400,0,17,3756,935,3,0,12,17,1096,13,2.0,4,0,1600,0,0
2624,75.4,2,342,4910,0,135,4185,1070,540,0,20,29,1142,10,3.0,5,0,200,0,0
2726,66.2,7,5,1242,6,1,4417,1080,341,17,12,15,1226,26,6.0,4,0,442,2,0
132,78.5,5,367,2052,0,135,6307,1086,103,17,31,20,1173,5,6.0,6,0,1252,1,0
63,55.1,0,7,2377,0,17,4061,1050,5,2,32,33,1217,26,4.0,7,1,200,0,0
2664,73.6,5,70,1353,0,32,7533,1105,1,6,39,43,1141,0,2.0,9,0,553,0,0
2329,80.8,2,135,6273,0,22,8424,1162,0,5,8,25,1167,2,2.0,6,0,200,0,1
146,78.6,5,10,1704,0,140,5241,1252,101,19,16,15,1368,17,1.0,3,3,904,0,0
2400,74.6,3,9,6967,0,3,4773,916,9,9,17,16,1079,22,2.0,3,6,392,1,0
2275,81.9,3,15,2075,0,97,4774,1079,1,151,13,10,1170,0,0.0,2,0,200,0,0
20,73.5,1,11,2442,0,3,6291,1127,112,0,19,15,1264,15,5.0,7,0,200,0,0
2666,72.2,13,11,1176,6,11,4279,1087,0,10,6,10,1211,2,0.0,3,0,376,0,0
53,73.8,0,22,4621,0,2,4006,936,0,3,8,10,1035,4,2.0,3,0,827,1,0
3153,72.8,3,19,2046,0,4,4481,900,139,114,10,16,1011,11,2.0,3,2,200,0,0
3380,72.0,4,10,2099,0,46,8494,859,69,200,12,12,1006,5,1.0,7,3,200,67,0
2804,79.0,7,256,1161,5,3,7121,1192,0,4,3,21,1346,5,0.0,3,1,200,3,0
3159,76.7,1,61,8704,0,8,4903,841,0,26,9,12,1051,2,4.0,2,0,550,0,0
2418,72.1,14,13,1415,11,0,4831,1079,1,4,5,11,1209,2,2.0,5,0,200,0,0
128,35.7,2,1,1686,0,0,1184,258,5,0,15,43,13,4,0.0,4,0,886,0,0
2983,79.8,5,206,2750,1,136,4224,1018,273,122,46,16,1042,8,2.0,6,0,200,0,0
3218,68.2,2,11,4637,0,1,3613,810,1,8,6,10,972,3,4.0,3,0,694,1,0
139,73.3,1,11,1758,0,48,6397,1013,0,18,5,9,1148,4,2.0,3,0,200,0,0
5,90.7,0,257,1767,0,112,5535,719,18,4,12,9,843,4,5.0,7,0,200,0,1
3013,71.6,4,244,1193,3,97,3851,927,403,12,18,20,1020,9,1.0,5,0,393,0,0
69,75.6,0,260,6539,0,11,7362,1205,1,5,18,31,1377,4,2.0,3,0,200,0,1
3520,64.4,2,13,3202,0,24,8273,884,3,342,26,27,974,9,2.0,7,0,200,0,0
2263,71.1,2,12,2050,0,3,5286,1060,4,77,28,10,1156,13,2.0,3,0,200,2,1
3277,76.9,2,15,1355,3,127,5190,1264,458,94,24,20,1283,10,1.0,6,1,550,0,0
10,75.9,2,211,6539,0,51,7452,1280,2,1,11,31,1389,9,1.0,4,1,200,0,0
3425,59.0,4,5,1361,3,37,4933,1059,499,97,16,23,1197,20,3.0,7,1,550,1,0
69,67.0,0,9,2406,0,42,9412,916,0,0,7,13,1051,4,2.0,7,0,200,0,0
47,64.8,1,46,10828,0,6,7129,1170,262,12,23,25,1156,4,3.0,3,0,200,1,0
102,76.1,1,18,2043,0,201,4296,1142,1,0,25,18,1198,7,1.0,3,0,200,0,0
1975,69.8,3,6,2276,0,0,4049,976,199,3,10,16,1103,30,4.0,4,0,200,0,0
56,68.9,2,29,5275,0,1,3893,948,0,0,9,14,1038,4,0.0,3,0,1481,6,0
2424,78.9,5,243,6812,0,12,6978,1188,0,1,22,21,1269,2,2.0,4,0,200,0,0
2358,72.4,2,117,4243,0,0,5758,686,1,9,10,6,788,2,0.0,2,0,200,0,0
1119,65.8,2,6,8407,0,5,4008,1001,48,149,6,11,1011,24,2.0,2,3,200,0,0
2278,76.6,2,29,7367,2,42,5322,1092,0,3,24,15,1282,2,0.0,6,0,200,0,0
3070,70.3,2,9,1414,3,3,7637,1144,10,95,9,9,1224,15,3.0,2,0,614,0,0
2713,76.3,8,10,2058,0,141,4318,1020,534,178,22,33,1188,11,2.0,6,4,200,2,0
2621,68.7,3,15,1154,3,2,7245,761,25,3,6,9,844,4,1.0,1,0,200,0,0
17,65.1,1,6,2803,0,0,4786,955,10,3,26,20,1045,18,7.0,5,4,200,0,0
2182,76.2,3,225,4441,0,43,7417,1195,0,3,9,21,1376,2,0.0,3,0,200,0,0
2839,80.0,2,14,1430,1,243,4686,1251,1,91,25,30,1440,5,2.0,4,0,200,0,0
3049,75.9,4,6,1870,4,185,4975,1190,2,113,17,19,1445,9,2.0,3,0,200,0,1
623,73.0,3,9,1389,0,7,4628,992,0,17,5,10,1091,4,2.0,4,0,200,0,0
2622,70.0,1,7,2130,0,3,4572,1101,284,9,3,16,1169,26,8.0,3,0,200,0,0
33,81.2,0,14,2190,0,280,5292,1248,0,2,25,17,1444,1,2.0,3,0,200,1,0
2903,72.4,1,11,2192,1,129,4537,1070,4,2,17,17,1195,14,4.0,4,3,200,0,0
267,70.0,3,15,1730,0,4,8785,1100,359,10,12,12,1219,15,7.0,3,0,200,0,1
153,82.0,0,13,1343,0,244,4523,1280,0,21,5,13,1409,5,0.0,2,1,543,0,0
2527,69.9,1,9,3422,0,2,4471,927,4,6,5,9,1027,6,1.0,2,0,200,0,0
25,41.3,1,19,1741,0,8,6420,838,12,3,71,65,951,18,5.0,10,2,200,7,0
2258,72.1,2,240,1000,0,91,5436,1082,346,20,12,29,1218,4,18.0,6,0,200,0,0
2878,62.5,2,11,3875,0,5,7504,1105,4,378,15,17,1150,15,0.0,7,0,200,0,0
100,81.2,1,13,1357,0,204,4769,1161,2,9,7,12,1273,5,1.0,4,1,200,0,0
2458,84.1,7,16,1207,4,155,5754,1306,0,4,8,25,1392,5,0.0,0,0,200,0,0
3480,77.1,1,241,8861,0,17,7546,1165,0,461,19,21,1375,2,0.0,4,0,200,0,0
120,64.0,3,8,2002,0,1,4379,1102,100,16,12,8,1231,30,2.0,4,0,1202,0,0
32,67.2,3,9,8001,0,2,4205,944,4,0,5,11,1067,14,2.0,2,0,7201,0,0
40,67.0,2,121,1414,0,29,6960,1095,2,178,18,35,1152,5,0.0,5,0,200,0,0
7,40.9,0,0,1000,0,0,1961,329,63,0,23,19,393,9,0.0,7,0,200,7,0
146,72.4,2,10,2512,0,23,5219,963,0,15,6,8,1135,3,2.0,3,0,200,0,0
3306,70.7,8,10,3106,0,0,4271,1007,0,100,5,11,1151,3,5.0,2,0,200,0,0
218,81.3,0,13,2033,0,128,4888,1175,6,141,16,21,1330,14,3.0,4,4,407,0,0
2866,63.7,1,12,2670,0,26,8202,875,3,394,19,30,947,9,2.0,8,0,200,2,0
133,61.6,4,8,1491,6,2,3758,971,428,5,5,20,1076,17,1.0,3,0,200,2,1
1910,83.1,4,15,3062,0,246,4713,1273,0,96,21,18,1480,5,2.0,3,0,200,0,0
78,72.3,1,99,1357,3,38,6552,1072,56,4,8,12,1157,7,2.0,4,0,557,0,0
3520,71.9,2,12,7321,0,2,4507,938,1,0,7,11,1104,6,1.0,3,0,531,3,0
100,76.0,5,162,3095,0,96,6252,1183,336,6,10,16,1378,4,2.0,4,0,200,0,0
9,65.6,88,8,1768,2,2,3953,1071,493,190,15,41,1255,26,4.0,4,1,505,1,1
3145,71.0,5,9,2006,0,1,4731,915,0,103,14,6,1091,3,0.0,2,0,200,0,0
2611,57.9,2,4,2502,0,0,3722,900,5,60,20,19,1004,23,5.0,4,1,200,0,0
3592,65.1,10,7,2077,0,1,3874,1036,83,107,18,11,1197,26,2.0,2,0,375,1,0
2516,70.6,4,10,1189,3,136,4406,1168,4,2,20,16,1317,12,3.0,5,1,200,0,0
129,70.0,1,10,1310,0,0,4589,995,14,16,9,24,1004,3,2.0,3,0,200,0,0
3374,84.2,3,11,1478,3,231,5946,1326,1,109,17,10,1430,4,0.0,2,0,200,0,0
19,50.8,2,173,4339,2,0,6181,1259,47,1,52,55,1293,32,4.0,6,23,200,1,0
2447,57.4,4,214,1226,4,0,7348,1245,36,20,19,49,1334,22,3.0,6,18,200,2,0
2716,69.7,2,8,2403,0,8,4571,1082,2,5,19,15,1168,4,2.0,2,0,200,0,0
118,71.1,1,21,1352,1,2,5738,1007,393,0,9,10,1028,8,0.0,2,0,552,1,0
47,57.4,2,7,1387,4,2,4303,917,123,1,14,15,980,25,0.0,3,0,587,0,1
16,70.6,2,12,1343,6,41,11460,990,0,1,7,7,1077,2,0.0,6,0,200,0,0
16,72.6,0,9,5965,0,0,9902,1038,302,1,5,15,1114,4,3.0,3,0,620,0,0
66,53.7,0,9,4525,2,0,3811,939,5,2,25,26,1052,24,2.0,3,0,550,0,0
118,73.4,7,14,3154,0,106,4754,1127,3,101,19,22,1252,16,3.0,3,2,613,2,0
48,83.7,3,11,1000,0,198,4664,1052,1,124,27,15,1162,4,1.0,3,0,613,0,0
41,71.4,0,7,2010,0,4,3418,930,3,6,22,17,1024,10,0.0,2,0,200,0,0
3356,66.7,3,12,2152,0,139,3790,873,146,36,21,14,984,13,2.0,4,6,200,199,0
3386,70.4,1,98,1375,0,5,4399,1057,1,2,6,11,1148,3,2.0,3,0,575,0,0
18,67.3,1,10,1000,0,28,9385,1025,3,1,19,29,1072,15,3.0,8,1,200,1,0
2499,70.1,2,141,1546,0,6,4086,1021,0,0,9,11,1063,8,1.0,3,0,491,0,0
167,76.3,0,348,2971,0,142,4207,1009,615,10,14,24,1145,11,2.0,6,0,200,2,0
3686,62.4,3,9,1357,3,24,7462,974,3,121,20,38,1128,17,3.0,6,0,200,0,0
3489,71.4,2,15,1369,0,0,4176,1055,2,2,5,14,1108,3,0.0,3,0,569,2,0
3379,69.3,2,18,3070,0,37,9622,927,4,599,502,33,1031,2,3.0,18,1,200,0,0
13,70.2,228,9,2006,2,5,4456,990,0,139,7,7,1116,3,3.0,3,0,200,0,1
2843,68.8,0,11,5186,0,130,4634,1121,2,2,18,21,1331,13,3.0,4,0,200,0,0
2803,66.3,2,7,1773,0,3,4605,1029,195,13,5,17,1144,24,2.0,3,3,200,0,0
3279,61.0,5,4,2379,0,0,4433,1016,6,103,25,13,1116,25,3.0,2,1,200,0,0
3561,65.2,2,13,1688,0,126,5089,851,5,362,15,27,968,12,2.0,5,1,200,3,0
2752,63.1,1,13,1697,0,126,5253,951,171,10,12,27,1157,15,0.0,4,8,547,322,0
3689,72.2,1,18,3977,0,0,4162,981,0,0,10,20,1114,2,4.0,2,0,550,2,0
19,97.4,2,7,1380,1,48,10980,520,12,6,16,2,621,2,3.0,3,0,200,0,0
1011,58.8,2,753,1373,1,32,2951,992,3,4,9,13,1111,24,2.0,8,0,573,2,0
3262,66.4,0,10,1361,1,32,6215,976,207,95,34,16,1113,10,2.0,7,1,235,2,0
2903,69.8,8,5,1581,0,2,4461,1095,29,204,20,12,1204,28,9.0,2,0,200,0,0
3777,61.2,2,8,2734,0,13,4553,897,6,358,3,18,983,21,6.0,3,4,790,0,0
2688,73.6,4,9,9833,8,163,3919,1075,738,7,22,23,1231,10,0.0,2,0,200,0,0
3266,78.4,2,145,3200,0,18,6713,1052,0,86,10,19,1237,2,0.0,6,0,613,0,0
3517,41.2,2,19,1311,1,10,6385,865,9,16,62,62,938,22,4.0,10,3,200,7,0
219,60.5,1,7,1732,2,0,3976,898,5,17,10,12,1050,24,5.0,3,0,200,0,0
3422,73.0,4,201,1434,3,80,4440,974,499,103,14,21,1137,16,5.0,5,0,634,0,0
99,81.9,3,13,2393,0,231,6306,1274,491,10,8,22,1434,6,2.0,6,0,1593,1,0
13,41.1,1,22,2586,2,14,7082,912,8,85,10,19,1065,25,4.0,8,2,200,5,0
3039,68.9,2,248,1382,0,9,4262,1084,3,5,30,41,1153,13,0.0,3,0,582,0,0
53,77.8,94,12,1387,2,142,4671,1007,28,22,22,26,1166,13,2.0,4,1,200,0,1
2658,68.1,5,9,1197,3,7,4456,1082,333,1,19,25,1183,24,10.0,4,0,200,1,0
22,69.5,2,10,2454,0,0,4277,956,35,0,6,22,977,3,2.0,4,0,200,0,0
177,51.8,0,147,2159,0,0,7075,1495,23,132,15,29,1641,56,5.0,4,30,200,0,0
2958,80.6,6,390,1172,5,154,3763,936,264,1,7,18,998,7,5.0,5,0,200,0,0
145,67.6,0,9,1601,0,15,4510,982,8,0,16,10,1168,14,0.0,3,2,801,1,0
39,93.9,0,11,2581,0,231,5182,1268,199,2,3,9,1347,5,2.0,4,0,200,0,0
1545,65.3,2,661,1383,0,37,4304,1210,2,103,10,11,1132,23,0.0,4,0,583,0,0
3480,71.0,0,11,5231,0,0,4675,996,0,113,5,12,1102,4,1.0,3,0,620,0,0
74,65.4,1,14,2001,0,122,4094,1008,506,4,9,17,1130,14,0.0,5,1,200,1,0
3227,77.6,1,414,2065,0,163,3722,942,360,391,14,15,1117,3,4.0,6,0,200,0,0
90,35.8,0,0,1630,0,0,1280,345,2,136,14,53,21,0,0.0,2,0,830,0,0
3741,69.9,2,9,8001,0,0,4107,1059,0,2,6,11,1173,3,1.0,3,0,550,2,0
2986,69.5,1,101,1413,0,5,4295,1008,0,3,5,9,1065,0,2.0,2,0,613,0,0
981,61.0,2,826,1410,0,40,2435,964,3,2,12,19,1131,29,0.0,5,0,610,0,0
3039,71.9,5,10,2057,0,5,6775,940,4,126,3,14,1004,11,5.0,3,3,200,0,0
148,74.2,1,232,1757,1,112,4943,956,328,4,10,15,1086,7,2.0,7,0,550,0,0
56,64.7,3,180,3200,0,9,4289,975,3,0,11,20,1111,12,0.0,4,0,874,0,0
33,59.7,2,56,1496,2,5,5152,914,337,1,12,16,952,8,0.0,2,1,696,2,1
174,77.0,0,203,1698,0,74,4140,1009,259,15,12,17,1104,16,12.0,4,0,898,0,0
3167,71.1,5,7,9104,0,5,4662,931,0,44,13,8,1112,2,0.0,2,0,200,1,0
21,72.3,0,12,2834,0,216,4335,1210,2,2,14,43,1377,6,1.0,5,1,200,0,0
3325,69.5,5,10,3900,0,1,10300,1034,18,242,10,9,1086,0,0.0,3,0,200,0,0
136,76.4,0,9,1730,0,27,7138,995,3,19,17,10,1087,13,4.0,7,3,930,1,0
3508,58.4,0,6,1355,3,3,4987,1007,165,100,5,11,1140,21,0.0,5,1,550,1,0
135,69.2,0,13,1415,0,128,7690,1120,759,17,24,25,1248,7,3.0,4,0,615,1,0
133,74.4,0,9,1504,0,0,9198,1044,38,17,16,4,1181,3,2.0,2,0,900,0,0
134,64.8,0,11,1844,0,8,4474,1133,219,18,6,17,1208,26,3.0,4,0,1044,1,0
156,76.6,1,13,1382,0,227,4539,1255,1,1,4,20,1361,5,0.0,2,1,200,0,0
1528,67.6,1,7,4589,0,2,4163,1032,378,0,12,21,1170,25,6.0,4,0,200,0,0
16,61.6,1,7,2041,0,1,4255,884,6,172,15,16,929,20,4.0,2,4,510,0,0
21,82.7,0,59,9096,0,7,4735,1025,0,0,5,6,1138,2,0.0,3,0,632,0,0
3526,70.7,2,14,2799,0,11,4921,1124,19,23,17,16,1247,9,3.0,4,0,1593,0,0
227,78.6,1,251,1688,0,0,6702,1146,0,7,27,28,1278,3,0.0,2,0,200,0,0
3432,68.7,0,15,5447,0,0,4683,1048,0,112,5,14,1226,3,2.0,3,0,200,0,0
2178,76.4,1,77,5951,0,33,7376,1117,51,8,10,12,1186,2,1.0,6,0,200,0,0
1121,38.6,0,0,3055,0,0,1924,324,3,6,20,68,23,0,1.0,2,0,200,0,0
107,111.6,1,11,1468,0,0,5175,1087,9,2,126,101,1351,0,0.0,23,2,550,0,0
3458,64.6,2,11,1000,0,126,5218,872,5,310,20,26,991,12,1.0,5,1,200,2,0
74,74.3,2,133,1201,1,0,4085,1069,3,5,9,17,1256,13,0.0,3,0,401,0,0
3489,68.0,2,8,7095,0,0,4494,1084,3,4,7,16,1255,11,1.0,4,0,879,0,0
2131,81.8,4,285,5960,0,1,7075,1175,0,3,16,12,1269,3,2.0,4,0,200,0,0
61,73.0,0,11,1000,0,42,4519,1121,3,2,11,12,1210,3,3.0,3,0,200,0,0
40,78.0,4,85,6453,0,116,5240,1121,48,1,11,8,1297,3,1.0,2,0,200,0,0
3579,35.6,2,0,6639,0,0,1250,250,7,114,17,45,16,3,2.0,4,0,913,0,0
3191,59.5,2,193,1441,0,0,6196,1173,22,117,23,28,1409,30,3.0,5,25,641,0,0
3375,59.2,2,7,1454,2,0,4827,1031,8,110,15,20,1181,20,4.0,5,1,200,0,0
116,80.8,3,217,6618,0,1,5252,991,0,1,26,17,1080,1,0.0,3,0,375,0,1
43,73.2,3,12,3066,0,113,8792,1114,3,0,25,39,1168,16,2.0,8,1,2266,0,0
16,62.8,2,11,2054,0,27,8579,838,5,4,35,38,951,8,2.0,8,0,200,2,0
2759,71.5,6,11,1688,1,131,4607,1107,6,17,17,22,1187,14,3.0,3,3,200,0,0
64,75.5,1,10,3859,0,201,4811,1122,2,0,29,18,1259,10,0.0,3,0,200,0,0
136,73.0,0,13,2041,0,118,4101,1106,6,0,21,22,1251,18,2.0,3,4,200,0,0
3511,71.0,1,59,2927,0,3,4174,974,0,4,8,10,1078,2,2.0,2,0,587,0,0
136,68.9,0,17,2533,0,44,9015,1000,0,1,6,12,1069,4,1.0,8,0,1733,0,0
128,36.9,0,1,7461,0,0,1490,378,18,126,204,31,93,1,2.0,3,0,200,2,0
73,68.9,2,14,1343,0,45,11660,1141,0,0,12,8,1149,3,5.0,7,0,200,0,0
178,70.0,0,11,1478,0,131,4921,1131,5,25,31,24,1283,13,3.0,4,0,200,0,0
2602,77.6,3,10,1405,2,135,7124,991,0,3,28,15,1099,3,9.0,5,0,605,0,0
3093,72.7,4,11,1359,0,133,4472,1072,4,112,20,21,1212,13,3.0,4,3,200,0,0
4196,38.0,4,0,16413,0,0,1153,289,8,4,31,114,13,2,0.0,3,1,375,2,0
171,62.7,2,7,1758,2,1,4577,1190,177,6,18,13,1279,15,0.0,5,0,550,0,0
2153,82.7,3,234,6915,0,0,6097,1052,0,4,18,14,1186,0,2.0,4,0,200,0,0
2888,65.2,0,9,3088,0,0,3900,1033,2,3,7,19,1146,11,0.0,2,0,200,0,0
2707,72.6,3,11,1404,0,122,4884,1117,259,2,14,22,1280,16,2.0,4,0,200,0,0
3384,69.7,1,13,3109,0,47,4174,1039,4,5,15,31,1153,5,2.0,4,0,200,1,0
3293,74.5,2,14,2258,0,164,6688,1236,3,452,8,23,1400,7,3.0,6,0,200,0,0
152,62.3,0,7,2050,0,0,3928,898,8,0,22,11,1038,26,2.0,2,1,200,0,0
3321,82.4,5,14,2773,0,241,5017,1247,2,100,23,17,1423,7,2.0,2,0,200,0,0
2772,72.8,3,10,1308,1,2,3573,990,0,95,5,54,1115,2,3.0,8,0,200,0,0
3380,64.3,2,8,1363,4,1,5996,1119,98,120,10,8,1083,15,0.0,2,0,563,0,0
135,66.3,1,11,3286,1,4,8525,1075,283,17,25,15,1131,14,1.0,3,0,200,0,0
3275,74.4,3,10,2190,0,53,5435,1090,0,119,12,14,1029,0,1.0,4,0,200,0,0
42,65.6,155,10,1370,0,28,8976,1011,2,420,19,25,1053,12,0.0,6,0,570,0,1
4175,51.7,1,9,8926,1,0,4368,893,11,130,30,35,1013,23,2.0,4,0,200,0,0
3451,70.8,3,8,1912,0,106,4842,928,5,363,20,13,1025,9,2.0,3,0,200,0,0
39,69.1,6,11,3156,0,0,4255,1015,0,0,6,12,1126,4,0.0,2,0,956,0,0
2942,77.7,1,12,2390,0,0,5133,1072,0,45,6,8,1021,2,0.0,3,0,200,0,0
60,59.0,1,6,1956,0,0,3979,953,6,6,22,12,1046,25,3.0,3,3,200,0,0
87,68.1,3,18,2849,0,2,7619,1009,4,0,6,10,1130,8,1.0,3,0,649,0,0
2934,72.7,6,11,3467,0,2,4944,1031,0,123,5,6,1135,5,2.0,3,0,200,0,0
45,66.3,0,13,2390,0,32,9366,902,3,0,39,38,941,6,3.0,9,1,200,1,0
2842,78.1,9,218,1352,0,85,3982,924,392,193,10,24,996,14,6.0,5,0,200,2,0
149,44.8,2,158,7440,0,0,5016,1176,40,23,7,54,1361,67,5.0,5,20,200,2,0
2567,70.5,0,10,3772,0,1,4215,1067,0,3,6,9,1198,2,0.0,2,0,200,0,0
2540,83.7,0,12,2495,0,254,5175,1397,1,2,17,12,1438,4,3.0,5,0,200,0,0
144,70.6,1,9,1387,0,124,3852,1071,189,18,14,17,1060,13,1.0,4,0,587,0,0
7,77.8,4,10,1439,1,177,4486,1164,3,0,10,21,1287,11,0.0,2,2,200,0,0
2978,78.9,2,9,4531,0,20,3255,1018,1,61,7,7,946,2,0.0,2,0,533,2,0
3333,87.7,4,123,1767,0,85,6409,1060,336,154,9,12,1175,5,2.0,7,0,200,0,0
2771,73.5,5,14,1718,0,7,4998,1068,124,110,20,11,1181,19,7.0,3,0,200,0,0
3660,68.9,6,14,1361,0,42,10000,939,1,126,6,10,1022,5,2.0,7,0,561,0,0
2936,72.2,2,11,4144,0,0,4783,1032,2,5,10,11,1050,3,0.0,2,0,549,1,0
49,74.8,0,11,1345,0,4,4627,1046,0,163,5,7,1251,2,1.0,2,0,200,0,0
2732,79.6,2,236,1738,0,92,4099,1011,322,33,3,21,1181,15,6.0,5,0,200,0,0
104,83.9,0,10,1690,0,208,4177,1183,585,11,4,18,1363,4,5.0,3,1,890,0,0
175,72.2,1,8,1757,1,157,5329,1201,739,4,10,24,1343,11,5.0,6,0,550,0,0
3167,73.0,10,299,2012,0,119,5251,840,587,157,11,28,914,5,2.0,5,0,200,0,0
3995,74.1,3,11,4701,0,34,8223,966,2,569,16,25,1009,6,0.0,9,0,200,0,0
2879,79.2,3,10,1702,0,74,4000,1014,0,132,14,9,1155,0,0.0,2,0,200,0,0
4,71.2,12,9,2449,0,1,4099,1060,0,210,5,7,1180,4,0.0,2,0,200,0,0
54,57.5,0,6,2075,0,1,4321,952,4,2,20,17,1094,20,4.0,4,0,200,0,0
3397,75.8,1,9,1555,4,49,9337,1132,251,94,19,12,1204,5,0.0,3,0,755,0,0
2794,67.4,0,10,3099,0,34,6191,1126,2,97,14,18,1230,7,0.0,6,0,200,0,0
447,72.6,0,31,1737,0,109,4540,897,244,16,13,13,1036,4,1.0,3,0,200,0,0
3439,61.2,5,4,1527,0,3,2640,525,3,146,28,15,619,13,2.0,2,3,368,0,0
46,62.7,1,6,2785,0,3,3887,954,130,5,27,22,1073,22,4.0,4,4,200,0,0
2629,77.5,0,11,1977,1,62,4871,1086,1,5,5,10,1235,3,2.0,3,0,200,0,0
63,82.8,0,12,3947,0,284,5777,1352,2,0,23,14,1452,4,3.0,4,0,200,0,0
136,70.8,0,9,1891,0,4,4388,1048,0,15,5,8,1169,4,2.0,1,0,200,0,0
3313,73.3,0,55,1344,0,7,6664,1194,299,102,6,11,1352,4,3.0,4,1,544,2,0
2975,94.4,2,261,10182,0,1,6494,1125,0,170,22,9,1238,0,3.0,8,0,200,0,0
3319,65.4,4,9,1520,0,2,6222,1114,98,18,16,19,1162,12,6.0,4,0,200,0,0
3040,58.4,5,13,2841,8,15,3155,687,85,97,7,16,791,35,1.0,4,7,200,187,1
3020,80.6,4,192,1436,0,18,4626,1022,0,113,4,13,1066,1,1.0,2,0,200,0,0
119,71.6,1,15,1396,0,42,9816,1040,3,7,10,6,1143,2,2.0,6,0,596,0,0
3313,80.3,10,379,2701,0,152,4203,1001,436,63,18,20,1075,7,2.0,6,0,200,0,0
3031,79.7,4,13,5412,0,30,3550,1009,2,87,8,6,1010,4,1.0,8,0,471,0,0
2762,66.7,9,6,1683,0,2,5023,1217,736,190,23,28,1316,26,2.0,4,0,200,2,0
27,72.3,5,6,5035,1,1,8063,998,7,0,14,8,1002,7,3.0,2,0,200,0,1
3189,64.8,4,7,1383,6,5,4586,1051,111,112,23,21,1083,22,2.0,3,4,583,3,0
3217,74.2,9,11,1371,0,0,7559,722,10,131,10,5,829,3,2.0,2,0,417,0,0
10,78.2,2,11,3446,0,47,11030,1023,4,2,6,24,1080,0,6.0,15,0,200,0,0
127,55.7,0,3,2834,0,0,3850,925,6,0,31,30,1014,24,5.0,2,2,200,3,0
91,66.8,0,73,1762,0,38,8482,1112,3,213,13,25,1149,5,1.0,6,0,200,0,0
3281,74.7,5,13,1566,0,29,6049,1131,55,13,10,13,1233,15,6.0,5,0,375,0,0
3001,70.3,3,14,3169,0,140,4605,1192,5,139,23,23,1340,12,3.0,4,0,200,0,0
163,36.7,0,2,1732,2,0,1012,253,10,150,13,37,22,10,0.0,4,0,932,0,0
2171,79.1,2,174,7195,0,88,6428,1230,0,3,15,17,1337,2,2.0,5,0,200,0,1
3502,83.7,5,15,4143,0,128,4651,1176,1,134,19,8,1236,4,1.0,4,0,200,0,0
2721,69.3,1,290,1406,0,122,3320,850,431,4,2,16,1003,5,0.0,4,0,200,0,0
208,83.1,0,8,1689,0,99,9651,876,2,10,18,9,960,2,4.0,4,0,200,0,0
3389,70.1,0,10,6611,0,131,4751,1109,4,109,19,18,1270,12,3.0,3,2,561,0,0
3184,74.7,3,11,6230,0,192,4472,1178,2,14,18,25,1354,12,3.0,4,0,200,1,0
154,69.6,2,7,2296,0,2,4187,1101,75,18,29,20,1204,26,10.0,3,0,1496,0,0
3655,84.9,1,14,2033,0,212,5101,1097,3,118,48,29,1243,4,4.0,19,1,407,0,0
123,60.3,3,6,3457,0,0,3953,933,6,9,6,12,1098,21,6.0,3,1,200,0,0
96,72.0,0,10,2071,0,4,8547,999,0,5,15,8,1164,5,1.0,3,0,200,0,0
20,35.3,5,9,2740,0,81,3650,875,14,0,17,30,971,12,2.0,3,3,200,5,0
3440,72.0,4,12,2507,0,0,4815,1114,0,445,6,8,1187,5,3.0,3,0,200,0,0
1934,65.0,5,14,3473,0,2,5345,1085,5,0,22,28,1220,14,2.0,4,1,200,2,0
248,71.1,2,402,3855,0,30,3999,929,97,6,24,15,1008,12,3.0,3,4,200,113,0
139,65.0,1,9,1372,0,8,10006,1062,82,19,10,15,1173,6,0.0,3,1,572,0,0
1135,61.5,1,878,1351,0,41,3421,1058,4,2,10,14,1146,36,0.0,6,0,551,1,0
17,56.7,0,7,3607,0,0,4201,999,6,9,20,20,1132,22,4.0,3,1,200,0,0
136,64.2,0,8,1685,0,2,4096,938,7,18,14,19,1041,25,3.0,4,6,200,0,0
3393,72.0,11,13,1753,0,3,5263,1066,1,151,9,12,1274,3,2.0,4,0,200,0,0
53,68.2,1,11,1354,2,159,4156,1290,1019,4,17,35,1328,12,0.0,4,1,375,0,0
1978,81.7,2,102,2498,0,169,5206,1375,0,12,18,13,1490,3,1.0,3,0,200,0,0
3400,55.9,3,3,1399,1,0,4766,1097,4,118,21,21,1332,26,4.0,3,0,200,0,0
2048,79.5,2,204,7367,0,44,6355,1159,1,1,18,23,1242,3,1.0,4,0,200,0,0
19,85.1,2,22,1380,1,126,5893,796,26,6,1,4,877,3,3.0,38,0,200,2,0
134,66.2,2,13,1334,0,122,5633,1168,767,14,12,31,1306,9,2.0,6,0,534,0,0
91,61.6,2,25,1370,1,4,4754,1003,114,147,31,22,1025,12,2.0,5,8,200,69,0
109,72.9,6,12,7125,0,184,4717,1117,2,2,23,19,1245,11,0.0,3,0,746,0,0
16,67.9,5,13,2724,0,39,9478,945,8,2,47,51,982,5,0.0,17,0,200,0,0
124,67.7,3,7,2122,0,4,4178,1060,322,13,15,30,1195,36,11.0,4,0,200,2,0
39,77.4,1,9,3873,0,71,6500,1108,3,0,25,30,1127,6,2.0,9,0,200,0,0
49,76.2,4,21,3859,0,215,4255,1169,1,3,20,17,1256,5,2.0,3,0,200,0,0
3428,65.6,0,47,2169,0,4,4000,942,9,122,5,9,992,23,2.0,4,0,669,1,0
74,72.2,12,12,6950,0,0,4527,986,0,0,8,12,1061,3,2.0,3,0,550,0,0
2181,70.5,3,17,1768,0,5,8408,1089,360,21,17,29,1160,13,2.0,3,0,350,0,0
62,65.9,0,9,3445,0,2,4272,1065,20,4,1,19,1128,21,4.0,3,0,200,0,0
134,66.5,0,7,1597,0,31,4234,984,7,7,26,15,1072,12,2.0,3,2,200,0,0
3330,63.4,0,10,2169,5,0,3867,1047,4,118,9,17,1137,12,2.0,3,0,669,2,0
8,71.6,3,17,3070,0,31,11560,850,4,2,14,21,898,4,2.0,9,1,200,1,0
124,64.2,2,8,2047,0,3,4581,1115,354,15,7,24,1268,26,3.0,4,4,200,0,0
29,55.5,0,4,3450,0,4,3067,817,302,203,11,24,938,14,0.0,2,0,200,0,0
3397,70.3,5,21,6539,0,79,5986,1120,2,409,22,21,1186,8,3.0,3,0,200,0,0
139,74.3,0,15,2143,0,1,4302,846,0,0,8,8,776,7,0.0,3,0,1343,3,0
2689,75.2,1,13,1359,2,202,4958,1272,2,83,19,19,1364,9,1.0,6,2,559,0,0
2959,75.7,5,13,1554,0,240,5265,1222,169,10,6,19,1359,12,0.0,4,5,200,213,0
2959,72.7,2,10,2545,0,22,4804,978,184,96,12,23,1074,8,4.0,5,0,200,0,0
3286,78.6,3,15,5140,0,21,3438,933,0,59,5,6,954,4,0.0,8,0,558,0,0
3473,79.5,1,6,1385,0,40,11390,982,2,2,529,16,1047,3,2.0,11,0,200,0,0
88,73.4,0,156,3192,0,6,7304,997,30,4,37,52,974,5,1.0,5,6,200,1,0
3329,68.8,2,98,2419,0,5,4474,978,0,3,8,10,1100,5,2.0,2,0,531,0,0
3237,76.3,2,11,4088,0,19,6943,1087,33,4,16,14,1204,12,5.0,4,0,606,2,0
3555,75.1,2,9,10884,0,185,5116,1199,1,6,18,18,1482,7,2.0,2,0,550,2,0
2643,77.6,2,9,1343,0,172,3774,1098,2,6,17,16,1313,9,1.0,4,1,200,0,0
3472,57.4,0,8,6334,0,0,4181,1012,5,118,26,15,1133,24,0.0,4,0,200,0,0
860,58.7,2,862,1595,0,41,2796,912,3,13,11,14,1229,22,1.0,5,0,795,0,0
2423,77.3,4,75,3912,0,36,6891,1121,0,2,21,28,1176,0,3.0,9,0,200,0,0
27,68.1,169,7,1697,2,2,3731,856,28,104,9,15,970,23,2.0,2,2,200,0,1
2395,83.6,0,17,4151,0,253,4831,1278,0,5,17,8,1328,2,2.0,4,0,200,0,0
3048,79.2,6,15,3494,0,151,7944,1404,90,125,14,16,1483,4,1.0,7,0,200,0,0
3424,83.4,2,11,2068,0,266,5061,1272,0,426,21,15,1366,2,2.0,4,0,1268,0,0
28,70.4,0,13,4381,0,37,4829,1092,352,2,7,50,1111,3,2.0,4,0,704,0,0
3043,78.3,5,255,4454,0,6,7365,1275,0,147,13,22,1349,2,4.0,4,0,200,0,0
3094,68.3,3,12,2714,0,127,4656,1078,2,38,14,18,1349,13,3.0,4,0,200,0,0
3133,74.7,9,11,11531,0,185,5324,1146,661,446,13,24,1275,10,0.0,8,1,200,1,0
3363,66.5,3,6,1534,0,3,4502,1072,65,1,3,17,1180,20,8.0,3,0,200,0,0
3504,63.1,0,12,1355,3,3,6262,1071,199,100,8,11,1251,10,1.0,3,0,550,3,0
2814,73.6,3,89,4892,0,1,3991,982,4,2,15,12,1135,10,2.0,4,0,200,0,0
3139,77.9,3,239,2406,0,115,5120,958,233,113,10,13,1113,5,2.0,7,0,200,0,0
2523,72.3,0,10,2402,0,3,4539,974,0,3,15,9,1093,3,2.0,3,0,200,0,0
2224,62.1,2,6,5736,0,0,3887,865,7,7,16,22,941,22,3.0,2,4,200,0,0
3295,79.0,7,12,2030,0,64,4168,1089,0,167,6,11,1161,3,0.0,3,0,200,0,0
18,69.3,0,10,3050,1,2,4081,1052,2,2,15,27,1147,6,1.0,4,0,200,0,1
3555,70.5,3,7,1324,2,4,4121,1038,294,109,12,27,1231,30,7.0,4,0,524,0,0
2597,82.4,0,15,4453,0,264,5073,1296,10,2,23,20,1378,3,2.0,3,0,3653,0,0
3324,77.8,2,12,1360,3,225,4419,1120,163,107,25,19,1166,5,2.0,4,4,200,167,0
2950,65.0,2,7,1488,0,4,4068,819,6,110,8,18,896,25,4.0,3,5,338,0,0
3424,55.3,4,6,1361,4,5,4245,1047,335,99,5,17,1162,28,2.0,6,1,550,0,0
3022,61.4,1,11,2698,0,25,8323,828,4,306,21,34,951,10,2.0,7,0,200,0,0
150,79.2,0,14,1416,0,109,4246,1060,0,0,23,12,1203,4,0.0,2,0,200,0,0
2261,81.3,2,235,3450,0,0,6317,1091,6,4,4,22,1220,3,0.0,4,0,200,1,0
3352,71.2,3,8,1683,0,140,4471,1122,331,349,13,14,1286,17,4.0,4,1,200,0,0
2482,71.9,0,11,3475,0,1,4802,934,0,6,118,8,1123,3,0.0,3,0,200,0,0
30,64.9,2,9,2621,0,7,3888,840,6,4,30,21,902,19,3.0,4,5,200,0,0
72,64.0,0,170,4525,0,2,3896,994,3,0,6,10,1099,18,2.0,5,0,1600,0,0
2764,62.7,10,279,4005,0,69,5913,1252,24,207,16,39,1244,40,4.0,7,17,200,1,0
2808,65.5,7,159,1352,3,0,3797,1026,3,5,6,20,1100,15,2.0,3,0,375,0,0
2845,54.5,5,9,5146,0,9,3914,950,8,405,44,24,1028,31,5.0,3,1,200,0,0
2688,81.5,3,11,1360,0,147,6408,1382,57,1,7,11,1203,5,0.0,3,1,375,0,0
2794,64.8,0,7,1439,0,4,4091,895,5,4,14,15,952,25,3.0,4,5,639,0,0
3256,73.4,7,279,1434,1,106,3448,812,578,79,17,30,939,7,4.0,5,0,200,0,1
3157,68.9,1,116,2710,0,5,4189,895,0,3,5,9,1146,5,2.0,1,0,200,0,0
3895,80.3,5,20,2190,0,259,4540,1285,0,104,23,25,1365,3,1.0,5,0,200,0,0
2435,66.8,2,7,2091,0,0,4529,1149,9,9,20,21,1245,30,5.0,3,0,200,0,0
3878,71.9,4,11,3859,0,0,4253,903,0,33,14,14,1053,4,2.0,6,0,200,0,0
2441,75.2,3,12,1186,4,134,4195,1116,2,7,29,22,1245,11,3.0,4,0,386,0,0
3189,81.2,5,13,4330,0,264,4650,1246,1,119,22,15,1299,2,3.0,3,0,200,0,0
3060,69.1,7,13,2054,0,0,5307,986,28,176,17,14,1101,14,7.0,2,0,200,0,0
2152,76.5,0,9,1415,0,37,4082,1076,0,3,10,13,1153,5,0.0,3,0,200,0,0
2525,72.2,2,11,8285,0,32,4888,1070,0,127,11,15,1167,2,2.0,3,0,200,0,0
2974,63.1,4,17,1364,1,11,4849,1102,559,29,8,18,1233,23,2.0,3,0,375,2,0
135,67.6,3,7,2069,1,3,4393,1014,14,12,36,14,1220,26,5.0,3,0,1269,1,0
2578,70.3,2,12,1719,0,0,4507,1043,1,41,20,10,1100,5,1.0,5,0,200,1,0
37,82.9,1,14,1366,0,67,7623,1123,2,3,5,12,1176,6,2.0,3,0,566,1,0
419,73.1,5,11,7534,0,168,5009,1209,775,0,16,32,1299,10,2.0,3,0,200,0,0
3678,80.0,3,135,3390,0,17,5382,1001,0,137,28,10,1169,0,1.0,5,0,200,0,0
2846,58.1,2,12,2384,0,53,2979,666,81,0,12,10,772,24,2.0,4,5,533,180,0
3288,71.5,8,7,1854,1,6,4842,925,0,172,16,9,1120,2,0.0,3,0,200,0,0
162,64.2,2,7,3844,0,4,3975,879,6,17,15,15,947,22,3.0,4,6,510,0,0
75,81.1,0,13,6221,0,3,6153,1087,278,2,21,28,1145,12,0.0,5,4,200,2,0
108,86.8,6,18,1365,0,143,7762,1124,24,163,56,36,1212,0,2.0,9,2,407,21,0
43,68.5,0,7,1704,0,3,3959,1012,80,6,10,13,1132,25,1.0,3,5,200,1,0
3293,35.3,8,1,5208,0,0,916,211,10,365,6,10,27,3,2.0,5,0,200,2,0
131,72.9,0,10,2008,0,119,5234,1063,5,0,0,15,1123,15,4.0,3,3,200,0,0
2720,72.2,3,15,1702,0,4,10020,1436,108,293,10,9,1587,4,3.0,5,0,200,3,0
2928,75.3,5,234,1364,0,94,4357,1012,388,139,17,27,1048,15,7.0,5,0,200,0,0
2966,78.7,6,257,1152,5,10,7358,1201,0,0,11,18,1385,3,1.0,3,0,200,0,0
24,75.4,2,243,3390,0,100,4643,1064,541,1,16,35,1208,13,16.0,5,0,200,0,0
244,71.0,0,9,1599,0,11,4389,1034,0,8,5,15,1096,4,0.0,4,0,200,0,0
3757,69.8,4,16,1888,0,2,4952,1053,5,396,25,14,1215,11,3.0,3,1,388,0,0
2948,82.2,10,21,1324,4,246,4403,1205,0,9,16,13,1288,0,2.0,3,0,200,0,0
2232,70.8,5,8,2438,0,55,6803,693,284,2,10,13,763,4,3.0,4,0,200,0,0
2920,85.4,0,12,7050,0,280,5418,1301,0,103,11,13,1417,5,2.0,3,0,200,0,0
2523,79.8,0,12,2014,0,132,4246,1147,2,23,7,11,1210,3,0.0,4,0,200,0,0
3403,86.1,5,12,3074,0,275,5715,1275,0,114,27,7,1366,3,0.0,5,0,200,0,0
134,63.3,0,351,5023,0,17,4078,1047,2,3,12,19,1185,14,1.0,3,0,200,0,0
3013,100.1,1,9,4904,0,36,3857,730,0,436,5,2,886,0,0.0,10,0,604,0,0
15,77.9,2,18,1380,0,191,6822,1052,40,4,4,13,1155,4,2.0,25,0,200,0,0
1876,59.8,1,541,1855,0,25,3860,1026,1,2,10,11,1162,19,0.0,5,0,669,0,0
2343,64.5,1,420,1789,0,20,3704,995,2,3,9,16,1090,11,3.0,5,0,636,0,0
2991,61.0,2,14,4126,0,154,5570,1073,3,13,35,44,1093,13,2.0,6,1,587,0,0
2903,69.5,3,235,1406,0,93,3874,931,324,290,8,15,1119,9,1.0,4,0,200,0,0
109,56.4,2,6,1721,1,1,4242,1093,157,16,18,18,1019,26,0.0,3,1,921,0,0
23,56.5,0,8,2794,0,2,4063,937,72,2,14,9,1084,28,0.0,4,1,200,1,1
3269,52.8,5,7,1374,2,12,4119,1106,281,89,10,22,1073,29,7.0,4,1,574,0,0
3143,72.1,12,11,1385,8,44,9227,966,4,16,28,29,1041,1,1.0,12,0,200,0,0
18,69.3,4,25,4015,0,14,3639,883,329,2,21,22,990,18,19.0,3,0,200,1,0
77,71.1,5,11,1504,2,0,10980,1175,49,1,8,5,1291,0,2.0,3,0,550,0,0
3099,64.0,2,7,1415,6,0,6376,1033,292,119,15,10,1120,10,0.0,4,1,615,0,0
46,64.6,0,12,5212,0,0,4143,940,3,7,7,15,1097,14,3.0,3,0,1031,0,0
3362,76.4,3,8,3086,0,103,6704,1049,8,33,15,10,1176,6,0.0,2,0,200,0,0
3087,77.8,11,408,7363,0,168,3725,916,330,154,7,17,1033,4,2.0,7,0,200,0,1
154,62.0,1,7,3445,0,2,7883,1048,100,226,5,27,1085,11,3.0,4,0,200,0,0
3003,65.6,7,9,1351,0,13,4130,992,108,112,6,12,1133,25,2.0,4,0,200,1,0
2831,85.8,5,13,4886,0,277,5272,1273,2,205,17,7,1435,3,1.0,2,0,200,0,0
172,78.4,0,260,1639,0,104,4307,1103,484,14,14,22,1240,16,1.0,5,0,839,0,0
125,71.4,0,9,1599,0,4,4629,1024,1,0,5,9,1141,3,1.0,2,0,200,0,0
90,78.9,0,13,4454,1,65,5342,1097,0,5,10,8,1199,3,0.0,3,0,200,0,0
2223,79.7,3,253,5450,0,3,6418,1135,0,8,24,15,1277,2,0.0,3,0,200,0,1
36,72.7,2,12,3405,0,59,10460,1067,8,2,26,45,1110,2,2.0,12,0,200,0,0
132,57.9,1,8,1415,0,0,5029,1004,306,17,17,15,1150,18,0.0,4,1,615,1,0
2388,69.5,2,10,1342,1,2,3837,970,2,5,7,23,1052,7,0.0,5,0,200,0,0
485,69.8,1,11,1681,1,8,8168,1148,5,13,207,252,1535,7,5.0,25,4,550,1,0
3352,85.5,5,16,1555,0,265,5303,1230,0,143,22,11,1424,2,2.0,4,0,371,0,0
2456,76.0,8,12,1541,3,78,4324,1048,0,6,9,10,1113,1,1.0,3,0,200,0,0
47,68.7,2,8,2599,0,3,4912,1076,72,7,15,18,1234,30,3.0,3,5,200,3,0
3039,64.0,6,7,2495,0,4,3920,863,5,119,9,12,924,24,3.0,4,5,200,0,0
21,82.6,0,12,2024,0,84,7879,1143,37,1,13,10,1188,4,1.0,3,0,200,0,0
3222,70.6,0,188,3238,0,9,4170,998,4,7,55,15,1141,10,1.0,3,0,688,0,0
2947,79.1,7,13,1531,1,180,4277,1118,3,5,5,19,1236,8,1.0,2,1,200,0,0
229,74.0,2,8,2118,1,52,9415,1195,8,11,8,9,1199,6,2.0,3,0,200,0,0
433,66.0,1,6,1743,1,10,3799,936,410,12,10,16,1061,23,0.0,5,1,550,1,0
3175,69.1,2,14,2567,1,40,10390,1045,4,447,18,42,1085,7,3.0,13,1,200,0,0
2818,72.3,1,15,1355,0,49,11650,1143,5,379,36,38,1266,5,2.0,15,0,200,2,0
3581,56.7,4,33,1478,0,6,3162,677,72,417,31,13,716,31,2.0,9,6,200,65,0
3211,81.0,2,253,2696,0,0,6722,1190,0,61,24,15,1400,2,0.0,3,0,200,0,0
79,78.5,6,74,4628,0,173,5051,1108,479,2,12,18,1274,4,3.0,4,0,200,0,0
4002,58.7,3,12,1360,1,64,3406,802,94,5,32,16,966,24,1.0,5,6,200,196,0
146,72.6,0,13,1721,1,22,5899,961,158,16,21,17,1106,9,4.0,5,1,921,1,0
3554,76.2,2,56,2901,0,23,3383,1104,0,60,11,7,1031,4,0.0,3,0,391,0,0
2302,87.2,1,79,1000,0,130,5556,1116,1,6,23,12,1295,3,0.0,4,0,200,0,0
34,73.5,2,10,4257,0,41,9815,988,4,0,34,31,1032,4,0.0,10,0,200,0,0
3451,62.8,0,9,3524,0,2,4673,936,8,4,16,16,1072,23,3.0,3,0,624,0,0
2732,60.7,2,8,3461,0,1,3870,906,4,0,9,17,1034,19,2.0,3,0,200,0,0
2620,75.9,7,11,1345,0,39,4211,1050,1,145,20,9,1156,3,2.0,5,0,200,0,0
2925,68.8,2,9,8076,0,94,4466,1114,695,190,22,36,1274,16,2.0,4,0,200,1,0
38,62.6,0,8,1361,2,19,4539,1032,454,0,29,35,1251,25,3.0,5,0,200,0,0
3182,73.2,2,14,2077,0,36,7041,1038,51,106,7,13,1165,7,1.0,5,1,550,0,0
269,61.8,2,12,2181,2,22,7083,975,2,4,25,20,1089,9,5.0,5,0,200,0,0
2852,48.8,5,13,1179,5,8,5552,1022,7,1,86,129,1197,1,1.0,31,2,200,0,0
46,66.7,1,5,2785,0,10,3739,895,6,5,11,17,912,22,2.0,3,4,200,0,0
3415,74.2,7,10,2753,0,11,5136,1224,0,105,17,7,1289,0,0.0,2,0,200,0,0
53,79.2,2,14,2740,0,223,5449,1225,3,5,10,22,1355,6,2.0,4,2,200,0,0
3453,61.5,3,13,1650,0,33,9888,1007,7,108,34,55,1072,9,1.0,12,1,200,2,0
3629,36.0,0,1,3947,0,0,1360,253,7,112,13,40,21,5,2.0,4,0,200,0,0
2651,66.6,0,11,2071,0,0,4164,990,1,2,8,16,1090,4,2.0,5,0,200,0,0
3621,71.1,2,12,4501,0,0,4790,1007,1,4,5,12,1133,4,2.0,3,0,200,0,0
14,82.9,10,19,1695,0,135,7451,1163,12,184,20,60,1205,6,3.0,7,10,200,1,0
2834,71.0,5,9,3270,0,1,7583,1157,43,134,25,8,1219,4,0.0,2,0,200,0,0
23,64.8,12,6,1679,0,4,3987,872,5,5,15,17,930,23,2.0,5,5,200,0,0
2116,80.2,2,275,6660,0,0,7126,1188,0,4,25,17,1227,2,2.0,5,0,200,0,0
3395,78.3,1,10,4014,0,0,3745,912,0,12,6,5,999,5,1.0,2,0,438,2,0
5,82.2,1,11,2006,0,245,4429,1103,0,148,19,11,1220,2,2.0,4,0,200,0,0
3297,77.6,5,342,1287,3,130,4848,1007,209,96,12,23,1126,3,12.0,5,0,487,0,1
2464,77.0,2,248,6557,0,2,6357,1209,0,3,78,18,1436,3,0.0,4,0,200,0,0
19,73.0,0,12,1000,0,70,9505,1021,9,2,34,36,1159,0,8.0,9,1,200,0,0
2905,81.4,1,14,1725,2,128,4396,1083,0,45,23,14,1198,0,1.0,3,0,200,0,0
2651,67.8,1,12,2775,0,0,4624,999,3,3,10,14,1163,4,2.0,4,0,200,0,0
3382,72.5,1,25,4159,0,1,4550,991,1,123,15,7,1094,3,2.0,3,0,480,0,0
3262,54.0,4,8,4029,0,0,3792,904,5,130,12,26,1023,25,2.0,3,0,200,0,1
306,70.0,0,8,1891,0,29,4839,943,0,10,9,14,1073,3,2.0,3,0,200,0,0
3196,81.5,0,13,6780,0,258,4825,1293,0,108,21,21,1508,4,3.0,4,0,5800,0,0
344,76.0,5,11,7241,0,186,4104,1147,712,0,4,26,1275,7,0.0,3,0,200,0,0
3518,58.1,7,6,1891,0,0,4454,997,3,78,14,14,1135,24,4.0,4,0,200,0,0
2557,70.2,1,14,2470,0,1,4441,1047,2,2,6,14,1178,4,1.0,4,0,200,0,0
31,83.0,0,10,1382,2,240,5433,1227,2,4,21,15,1316,4,0.0,4,0,200,0,0
3022,68.8,3,11,3320,0,190,5783,1148,5,0,16,45,1236,35,2.0,9,1,200,1,0
3208,74.5,4,11,1891,0,82,5832,1055,0,75,23,15,1122,2,1.0,4,0,200,0,0
15,71.3,2,9,4240,0,4,10940,1119,15,4,13,6,1241,4,3.0,2,0,200,0,1
131,79.6,1,211,2775,0,84,4412,1009,349,11,17,17,1094,15,7.0,4,1,200,0,1
3345,58.5,2,5,7050,0,0,4657,964,7,40,14,20,1113,25,3.0,4,1,200,0,0
51,70.5,5,69,2101,0,175,5255,1355,21,161,46,61,1463,19,7.0,5,20,605,0,0
2966,66.7,10,7,2122,0,9,3868,1060,406,110,16,21,1213,23,9.0,4,1,200,1,0
2835,45.3,3,14,2050,0,13,7314,850,7,177,17,17,1005,26,3.0,7,1,200,2,0
2988,82.5,10,13,4128,0,258,5151,1264,0,38,22,23,1471,4,4.0,4,0,200,1,0
2434,68.3,2,10,3747,0,66,8794,997,523,52,5,17,1169,7,2.0,3,0,200,0,0
2596,66.4,2,10,1714,0,1,4117,799,0,4,7,13,1018,2,2.0,3,0,550,0,0
3203,83.2,6,13,2096,0,224,4826,1196,17,136,16,17,1381,8,1.0,4,0,200,0,0
3269,60.8,4,8,1171,3,60,4395,1044,8,10,28,33,1074,20,2.0,4,2,200,0,0
2597,72.1,3,196,2033,0,36,2812,863,1,71,8,11,1024,10,0.0,6,0,498,0,0
13,69.3,1,10,2041,0,76,8226,1136,3,164,11,21,1320,10,3.0,3,1,510,0,0
30,77.1,2,54,2757,0,94,8681,702,4,155,3,23,839,8,2.0,7,2,200,4,0
149,31.1,11,0,1711,0,0,1425,248,8,115,9,14,27,4,0.0,5,0,523,0,0
2007,73.1,3,10,6543,0,139,5628,1204,5,4,13,25,1341,14,4.0,3,3,200,0,0
3064,71.0,5,10,3277,0,22,4635,1114,0,13,20,11,1129,2,1.0,2,0,200,0,0
86,57.1,2,7,2081,0,10,4660,998,60,6,16,14,1080,24,0.0,4,1,550,1,0
3356,72.6,1,55,2879,0,2,4823,1044,0,3,11,10,1170,5,2.0,3,0,560,0,0
3363,75.3,1,19,3726,0,0,4143,1106,0,3,7,8,1150,4,0.0,2,0,200,3,0
45,79.2,0,13,1000,0,210,4508,1229,0,0,21,20,1410,4,3.0,4,0,200,0,0
301,75.6,1,227,7250,0,111,5510,1047,449,36,9,23,1170,11,6.0,5,0,200,0,0
48,71.6,0,13,4593,0,14,4608,1008,0,0,14,9,1145,5,0.0,3,0,200,0,0
3343,93.4,3,52,1812,0,43,3692,899,6,0,309,21,1037,2,0.0,21,0,352,0,0
2955,72.4,4,209,3095,0,11,5655,1054,90,120,17,14,1164,3,0.0,3,0,200,0,0
3133,68.2,2,18,2377,0,315,7846,1966,2,348,26,36,2088,11,4.0,5,0,200,0,0
2586,71.6,0,9,3796,0,5,4102,1021,0,3,10,8,1120,3,2.0,3,0,200,0,0
6,73.7,11,11,1357,1,127,5133,1090,4,1,12,16,1238,14,3.0,3,3,200,0,0
82,75.5,0,8,4458,0,138,5401,1218,158,4,21,18,1338,16,2.0,3,3,200,0,0
50,81.1,3,8,5192,0,174,4683,1128,2,3,20,11,1273,9,0.0,4,0,200,0,0
2349,72.9,3,9,3128,0,14,4520,1011,0,185,14,11,1093,2,1.0,3,0,200,0,0
101,68.2,0,248,5550,0,0,7863,1275,24,7,20,37,1410,13,0.0,7,12,200,1,0
1486,67.8,2,11,1156,0,28,7766,797,3,66,63,32,826,5,2.0,10,0,356,0,0
3076,66.1,8,6,1901,0,5,5716,1053,61,128,1,7,1203,4,6.0,0,0,200,0,0
5,54.4,3,171,2410,0,1,6271,1364,35,203,29,58,1385,34,13.0,6,19,200,1,0
3067,70.6,9,10,2406,0,24,5571,1007,65,101,14,12,1190,12,1.0,5,0,200,0,0
2479,85.1,3,22,1562,3,182,4815,1332,399,8,10,10,1372,3,1.0,3,0,762,0,0
2230,79.7,2,102,7084,1,25,7005,986,0,5,22,22,1082,2,2.0,8,0,200,0,0
73,69.5,1,6,2395,0,2,6124,987,18,4,18,15,1085,13,3.0,3,0,200,0,0
2880,71.7,1,207,4274,0,84,3996,1003,568,2,6,28,1161,16,4.0,5,0,622,0,0
150,77.3,1,272,1353,0,2,6881,1190,0,18,29,29,1310,2,2.0,4,0,553,1,0
2602,96.4,6,279,1171,3,99,7006,799,8,2,8,7,889,3,2.0,5,0,371,1,0
72,62.7,0,8,1597,0,6,4528,1033,516,10,19,28,1196,28,18.0,4,1,200,2,0
100,78.4,0,12,1373,0,216,4185,1205,1,0,11,23,1342,7,0.0,3,2,200,0,0
3225,70.5,1,11,1695,0,0,4102,985,1,2,5,12,1066,8,1.0,3,0,900,0,0
111,74.2,1,12,1702,0,118,4362,1168,206,16,15,17,1348,18,2.0,3,3,200,1,0
67,79.1,0,52,2029,0,2,4457,940,1,182,8,9,1106,5,0.0,6,0,506,0,0
3515,84.2,6,15,3796,0,248,4666,1246,1,114,24,20,1340,2,2.0,3,0,200,0,0
51,74.2,2,8,2571,1,1,6150,1094,257,3,7,12,1248,7,2.0,4,0,550,1,0
11,72.0,1,9,2481,0,137,4745,1094,4,159,14,23,1192,10,3.0,4,2,200,0,0
3510,57.0,2,7,3884,0,2,3965,915,5,433,9,15,1064,28,2.0,3,0,200,0,0
115,79.8,1,13,1541,0,243,4909,1207,1,15,17,21,1369,3,2.0,4,0,200,0,0
120,80.4,21,15,2799,0,256,5201,1221,0,14,22,12,1299,0,2.0,4,0,200,0,0
3312,68.5,0,12,3453,0,115,4905,1089,5,3,15,53,1140,9,2.0,6,1,200,0,0
3223,80.5,2,9,3772,0,43,4411,996,0,419,10,9,1125,0,0.0,2,0,200,0,0
2,69.4,0,241,3807,0,95,3395,845,237,192,13,21,957,8,2.0,5,0,200,0,0
253,38.2,0,0,3392,0,0,1236,295,8,7,23,83,32,3,0.0,2,1,200,0,0
55,72.6,0,15,4476,0,173,5189,1121,2,1,20,32,1252,2,1.0,4,0,994,0,0
145,58.8,1,8,1758,1,15,5287,981,369,4,6,19,1141,18,1.0,7,0,550,1,0
2741,56.6,8,12,1189,6,67,3267,777,75,5,53,11,814,28,0.0,4,6,389,137,0
3011,67.8,4,10,3607,0,130,5227,1154,2,168,18,21,1305,14,4.0,4,0,200,0,0
188,52.0,323,10,3292,2,0,4256,886,7,6,23,36,996,22,2.0,4,0,608,0,1
3315,57.7,0,8,7050,0,0,4390,1033,4,104,29,19,1131,24,4.0,4,0,200,1,0
2329,75.4,3,40,7140,0,146,5875,1107,4,2,24,33,1268,5,1.0,4,2,375,1,0
3084,72.2,5,8,5960,0,2,3904,876,0,8,9,8,972,2,2.0,3,0,610,0,0
47,83.1,0,21,1753,0,246,4461,1166,0,1,19,10,1249,0,2.0,3,0,200,0,0
2523,57.7,4,6,1599,0,2,4145,899,4,2,62,14,1068,27,3.0,3,0,200,0,0
1083,58.8,1,814,1388,0,37,3020,996,2,1,12,15,1058,26,1.0,7,0,588,1,0
2492,62.2,10,9,1194,6,24,7798,977,3,2,29,52,1107,17,3.0,6,1,394,0,0
53,58.6,3,6,1972,0,6,4598,1034,7,11,20,15,1191,25,4.0,5,1,200,0,1
3653,77.6,2,10,1305,0,1,4728,1102,0,13,5,5,1163,1,1.0,2,0,505,0,0
3098,84.1,10,11,2398,0,267,4938,1175,1,153,31,11,1307,3,0.0,3,0,200,0,0
58,70.1,962,141,1725,5,6,4086,1021,0,0,9,11,1063,8,1.0,3,0,200,0,1
96,69.6,2,9,5275,0,0,4437,847,3,3,11,10,997,2,2.0,2,0,853,0,0
2478,73.6,2,237,2339,0,3,6430,1136,0,55,15,23,1279,2,1.0,4,0,200,0,0
124,78.6,0,148,2920,0,15,6224,1015,0,2,15,20,1178,2,1.0,7,0,604,0,0
3052,65.0,5,9,1533,0,9,4928,959,7,125,5,15,1085,19,10.0,4,7,200,0,0
2538,64.3,2,7,8338,0,3,4427,981,6,57,14,21,1065,23,5.0,5,6,200,0,0
3178,76.0,4,65,1352,0,53,6209,1006,116,102,27,11,1154,4,4.0,6,0,200,0,0
25,56.4,4,9,9695,1,0,3890,957,5,0,16,15,1127,25,0.0,3,0,200,0,1
29,56.3,283,8,2006,2,0,4252,1024,4,129,11,21,1217,24,4.0,10,0,200,2,1
49,78.4,0,246,2452,0,37,6414,1433,1,4,14,19,1601,4,1.0,4,0,200,0,0
3302,57.3,1,7,1555,4,1,3953,1057,161,93,15,21,1092,25,0.0,4,1,755,0,0
3645,54.9,9,7,2925,0,1,5125,979,264,94,19,14,1113,28,3.0,4,0,200,1,0
11,73.9,8,10,1541,2,10,4235,1062,0,2,7,8,1169,3,2.0,3,0,200,0,0
3290,77.3,3,12,1308,1,67,4942,1099,0,99,9,9,1185,2,2.0,3,0,200,0,0
3124,80.9,3,15,2613,0,254,5200,1295,1,139,20,18,1420,3,3.0,5,0,200,0,0
3450,63.5,6,9,1342,1,19,6861,832,3,121,26,37,966,14,2.0,4,0,347,1,0
147,70.6,0,89,1344,0,9,6667,1313,407,19,11,14,1494,7,3.0,5,1,544,1,0
2419,58.0,3,5,1888,0,9,3488,929,63,9,24,24,1025,22,3.0,0,2,200,0,0
76,69.3,0,13,2397,0,0,6691,990,48,2,5,8,1046,4,3.0,2,0,200,0,0
2592,71.7,10,7,1908,0,58,8382,814,424,7,8,14,890,3,3.0,4,0,200,0,0
17,91.1,0,9,5317,0,202,4655,970,313,2,7,6,1023,4,1.0,3,0,200,0,0
25,203.3,2,7,1382,8,2,8109,1132,85,4,6,8,1282,8,2.0,3,0,582,2,1
136,60.5,0,0,1308,0,2,4897,1014,6,0,13,13,1171,21,3.0,4,2,200,0,0
32,67.4,0,10,1670,0,133,4678,1092,3,164,24,23,1239,11,2.0,3,0,200,0,0
3616,77.1,2,27,4787,0,2,4462,1161,1,13,11,7,1157,5,0.0,3,0,1013,0,0
2005,72.8,2,1,8158,0,4,25610,1564,5,4,23,101,11,2,3.0,11,0,200,0,1
2613,70.5,2,9,2056,0,114,4325,1070,493,275,19,24,1281,13,2.0,4,0,200,2,0
234,66.9,3,24,1414,0,40,7854,905,0,168,5,16,1037,3,1.0,7,0,200,0,0
2758,84.2,0,12,3419,0,242,4671,1190,0,5,20,8,1207,1,3.0,4,0,200,0,0
3330,79.4,2,13,7613,0,259,5047,1387,3,30,6,21,1488,6,2.0,4,0,6850,0,0
18,69.6,0,14,3876,0,87,4680,1015,5,4,27,34,1137,2,2.0,5,0,1021,0,0
165,81.1,0,408,2054,0,148,5160,976,100,4,18,21,1083,4,5.0,6,0,200,0,0
31,56.9,3,11,3797,0,0,6596,836,3,0,12,19,957,25,4.0,5,0,200,1,0
302,69.8,1,245,1696,0,96,3874,1006,367,12,9,16,1144,14,4.0,6,0,200,0,0
2923,85.6,6,13,1674,0,286,5502,1315,0,94,10,12,1442,4,2.0,4,0,200,0,0
2107,111.9,1,6,6961,0,49,3860,906,3,3,16,15,1051,2,1.0,9,0,200,0,1
2463,68.0,4,8,1214,5,2,4288,1055,29,21,4,12,1096,23,2.0,3,0,200,0,0
2238,79.0,1,270,4486,0,8,7235,1355,1,0,18,19,1484,3,0.0,3,0,200,0,0
7,68.1,0,4,4822,0,0,5233,1043,14,5,26,21,1016,5,0.0,8,0,200,11,0
54,86.3,1,10,2050,0,207,3897,1096,2,0,26,29,1168,5,0.0,4,0,1250,0,0
3637,63.6,2,8,2694,0,0,4574,1014,3,0,129,32,1148,15,1.0,4,0,200,0,0
75,74.0,0,13,2915,0,50,5975,873,0,0,15,11,939,3,0.0,4,0,200,0,0
1902,79.4,2,184,6321,0,95,6413,1387,0,6,25,24,1535,4,0.0,4,0,200,0,0
2971,71.8,6,12,1523,0,7,5428,1096,331,248,9,16,1103,11,0.0,3,0,321,0,0
4186,68.2,4,28,2487,0,9,4166,1054,495,31,12,23,1210,23,7.0,5,0,200,2,0
18,70.8,3,19,4437,1,159,5143,1335,343,10,18,23,1267,5,3.0,4,1,490,0,1
2549,80.6,2,426,2022,0,161,4015,1009,397,4,13,15,1085,5,3.0,5,1,200,0,0
2991,75.0,0,14,1601,1,8,5811,1086,11,100,20,11,1225,7,3.0,5,1,451,0,0
3108,70.5,0,13,1502,0,44,9652,1017,5,426,29,33,1106,2,0.0,13,0,200,0,0
2256,82.8,1,11,1430,0,263,5137,1221,0,2,29,24,1350,2,2.0,3,0,200,0,0
1068,65.0,2,6,1690,2,5,3935,936,13,25,13,12,1007,22,4.0,3,0,200,0,0
280,68.5,1,10,1666,0,60,6689,1074,303,10,4,11,1225,7,0.0,4,1,550,1,0
3772,65.9,3,11,1865,0,39,7449,953,1,472,7,17,1084,5,1.0,7,0,358,0,0
3734,66.0,2,224,7356,0,0,3691,1022,3,83,10,18,1176,18,0.0,4,0,200,0,0
2667,73.4,2,31,1504,1,8,11580,1187,141,1,3,6,1317,2,1.0,3,0,550,0,0
3065,74.9,5,17,1714,0,4,8906,1019,63,139,13,9,1098,2,2.0,2,0,200,0,0
2037,75.7,3,287,6273,0,2,6964,1298,0,1,28,23,1440,2,0.0,3,0,200,0,0
214,69.7,0,20,1672,0,8,4118,1050,36,8,15,12,1189,25,6.0,3,0,200,0,0
2890,74.0,3,88,2420,0,32,2909,890,0,77,8,13,920,6,1.0,5,0,564,5,0
599,50.4,0,7,2423,0,0,12150,1068,83,17,42,52,1153,45,5.0,6,22,571,0,0
9,76.7,0,16,3895,0,49,11630,1123,4,11,16,34,1262,4,2.0,15,0,200,1,0
4473,73.0,1,9,2143,0,118,3473,974,8,11,24,23,1094,11,4.0,3,2,200,0,0
2885,57.2,3,7,1357,0,0,3971,896,5,3,31,36,1038,29,3.0,4,1,200,1,0
3082,69.9,3,8,1702,0,1,3922,912,0,30,5,10,1029,2,2.0,5,0,200,0,0
2765,69.3,7,11,1786,0,0,6288,1045,46,144,8,12,1107,9,7.0,2,0,200,0,0
62,72.3,6,5,3859,0,0,4611,659,13,6,5,6,698,2,2.0,4,0,200,0,1
3320,68.0,1,194,2295,0,10,3896,996,1,11,8,11,845,11,1.0,3,0,643,0,0
3459,76.0,5,10,4128,0,171,3967,1001,1,113,17,17,1097,7,1.0,2,0,200,0,0
5,67.5,1,26,1768,0,9,4456,1037,278,188,9,11,1181,25,2.0,3,0,505,0,0
3499,76.6,2,14,3895,0,51,12070,1077,3,546,19,34,1177,2,4.0,14,1,200,0,0
2832,67.0,4,125,1517,0,0,4352,1116,2,2,14,20,1203,13,0.0,4,0,200,0,0
2817,111.9,2,19,1599,0,3,4094,960,0,3,5,4,1054,0,2.0,4,0,200,0,0
4,70.9,3,13,1730,0,51,9029,1050,0,125,1,11,1128,3,0.0,5,0,200,0,0
3319,62.7,2,12,1737,0,27,8676,860,5,138,20,37,943,9,2.0,8,0,200,3,0
2769,70.0,1,12,7652,0,0,4441,1133,0,101,6,12,1228,3,0.0,3,0,200,0,0
2934,35.5,0,1,1380,0,0,999,216,9,3,39,84,18,5,2.0,4,1,200,0,0
40,80.0,1,11,7589,0,162,3895,1009,280,4,3,13,1135,7,2.0,3,1,200,0,0
66,73.2,0,87,5550,0,16,7321,847,24,4,134,56,806,4,0.0,6,5,200,0,0
49,60.4,1,13,3226,0,33,9955,1023,6,2,35,51,1114,10,3.0,10,2,200,1,0
1138,58.9,1,816,1386,0,34,3585,939,2,0,8,10,1136,32,2.0,5,0,586,0,0
57,32.9,0,0,1701,0,0,1008,285,2,136,5,40,13,2,1.0,2,0,901,0,0
2812,79.6,1,13,5868,0,271,5297,1330,1,81,17,17,1414,3,2.0,4,0,518,0,0
3581,77.9,4,17,1371,0,42,7392,1046,18,15,14,10,1188,4,3.0,7,0,372,0,0
3531,83.0,6,366,1690,0,141,3789,943,249,145,10,16,1081,8,5.0,6,0,200,0,0
3314,70.4,3,11,7613,0,16,4195,967,0,2,13,11,1066,2,2.0,4,0,6850,0,0
8,65.8,1,13,1737,0,26,8300,880,4,18,23,29,964,8,2.0,7,0,200,2,0
